{
    "identifiant":{
        "0":0,
        "1":1,
        "2":2,
        "3":3,
        "4":4,
        "5":5,
        "6":6,
        "7":7,
        "8":8,
        "9":9,
        "10":10,
        "11":11,
        "12":12,
        "13":13,
        "14":14,
        "15":15,
        "16":16,
        "17":17,
        "18":18,
        "19":19,
        "20":20,
        "21":21,
        "22":22,
        "23":23,
        "24":24,
        "25":25,
        "26":26,
        "27":27,
        "28":28,
        "29":29,
        "30":30,
        "31":31,
        "32":32,
        "33":33,
        "34":34,
        "35":35,
        "36":36,
        "37":37,
        "38":38,
        "39":39,
        "40":40,
        "41":41,
        "42":42,
        "43":43,
        "44":44,
        "45":45,
        "46":46,
        "47":47,
        "48":48,
        "49":49,
        "50":50,
        "51":51,
        "52":52,
        "53":53,
        "54":54,
        "55":55,
        "56":56,
        "57":57,
        "58":58,
        "59":59,
        "60":60,
        "61":61,
        "62":62,
        "63":63,
        "64":64,
        "65":65,
        "66":66,
        "67":67,
        "68":68,
        "69":69,
        "70":70,
        "71":71,
        "72":72,
        "73":73,
        "74":74,
        "75":75,
        "76":76,
        "77":77,
        "78":78,
        "79":79,
        "80":80,
        "81":81,
        "82":82,
        "83":83,
        "84":84,
        "85":85,
        "86":86,
        "87":87,
        "88":88,
        "89":89,
        "90":90,
        "91":91,
        "92":92,
        "93":93,
        "94":94,
        "95":95,
        "96":96,
        "97":97,
        "98":98,
        "99":99,
        "100":100,
        "101":101,
        "102":102,
        "103":103,
        "104":104,
        "105":105,
        "106":106,
        "107":107,
        "108":108,
        "109":109,
        "110":110,
        "111":111,
        "112":112,
        "113":113,
        "114":114,
        "115":115,
        "116":116,
        "117":117,
        "118":118,
        "119":119,
        "120":120,
        "121":121,
        "122":122,
        "123":123,
        "124":124,
        "125":125,
        "126":126,
        "127":127,
        "128":128,
        "129":129,
        "130":130,
        "131":131,
        "132":132,
        "133":133,
        "134":134,
        "135":135,
        "136":136,
        "137":137,
        "138":138,
        "139":139,
        "140":140,
        "141":141,
        "142":142,
        "143":143,
        "144":144,
        "145":145,
        "146":146,
        "147":147,
        "148":148,
        "149":149,
        "150":150,
        "151":151,
        "152":152,
        "153":153,
        "154":154,
        "155":155,
        "156":156,
        "157":157,
        "158":158,
        "159":159,
        "160":160,
        "161":161,
        "162":162,
        "163":163,
        "164":164,
        "165":165,
        "166":166,
        "167":167,
        "168":168,
        "169":169,
        "170":170,
        "171":171,
        "172":172,
        "173":173,
        "174":174,
        "175":175,
        "176":176,
        "177":177,
        "178":178,
        "179":179,
        "180":180,
        "181":181,
        "182":182,
        "183":183,
        "184":184,
        "185":185,
        "186":186,
        "187":187,
        "188":188,
        "189":189,
        "190":190,
        "191":191,
        "192":192,
        "193":193,
        "194":194,
        "195":195,
        "196":196,
        "197":197,
        "198":198,
        "199":199,
        "200":200,
        "201":201,
        "202":202,
        "203":203,
        "204":204,
        "205":205,
        "206":206,
        "207":207,
        "208":208,
        "209":209,
        "210":210,
        "211":211,
        "212":212,
        "213":213,
        "214":214,
        "215":215,
        "216":216,
        "217":217,
        "218":218,
        "219":219,
        "220":220,
        "221":221,
        "222":222,
        "223":223,
        "224":224,
        "225":225,
        "226":226,
        "227":227
    },
    "email":{
        "0":"LaurentDagenais@rhyta.com",
        "1":"GuyMarois@fleckens.hu",
        "2":"BeaufortLesage@einrot.com",
        "3":"RussellDurand@armyspy.com",
        "4":"AlexisRiel@rhyta.com",
        "5":"LeonLapresse@cuvox.de",
        "6":"OrvilleRouthier@gustr.com",
        "7":"AgramantPepin@dayrep.com",
        "8":"AiglentinaLambert@fleckens.hu",
        "9":"TheodoreClavet@teleworm.us",
        "10":"ByronLefebvre@jourrapide.com",
        "11":"FlorusDevoe@einrot.com",
        "12":"NormandArsenault@armyspy.com",
        "13":"AcelineHughes@jourrapide.com",
        "14":"GastonBrisette@superrito.com",
        "15":"AgateGrandbois@gustr.com",
        "16":"AgricanFoucault@jourrapide.com",
        "17":"PrunellaJosseaume@armyspy.com",
        "18":"YseultCharest@armyspy.com",
        "19":"DorotheeAupry@cuvox.de",
        "20":"AmauryReault@teleworm.us",
        "21":"GillesBeauchamps@superrito.com",
        "22":"FranckDumont@gustr.com",
        "23":"DelmareLHeureux@dayrep.com",
        "24":"AlphonseCantin@cuvox.de",
        "25":"BlondelleRochon@gustr.com",
        "26":"SavilleBernard@armyspy.com",
        "27":"AnnetteJolicoeur@armyspy.com",
        "28":"BradamateMichel@armyspy.com",
        "29":"HilaireFrappier@armyspy.com",
        "30":"MarieBriard@gustr.com",
        "31":"MadeleineBatard@superrito.com",
        "32":"ArberGarcia@dayrep.com",
        "33":"SaberViens@superrito.com",
        "34":"ArnaudDubois@rhyta.com",
        "35":"PryorBeauchamp@dayrep.com",
        "36":"AlphonsePotvin@armyspy.com",
        "37":"FitzLafontaine@dayrep.com",
        "38":"DelmareLamothe@gustr.com",
        "39":"DaisiBoileau@jourrapide.com",
        "40":"SomerPaquette@jourrapide.com",
        "41":"OlivieCourtemanche@armyspy.com",
        "42":"GermainHughes@teleworm.us",
        "43":"MorganaBellemare@superrito.com",
        "44":"MerciMorin@gustr.com",
        "45":"VerneyBedard@dayrep.com",
        "46":"IgnaceAudibert@armyspy.com",
        "47":"FranckBinet@superrito.com",
        "48":"SumnerRocheleau@einrot.com",
        "49":"AubertPatel@armyspy.com",
        "50":"SumnerLaprise@superrito.com",
        "51":"MadeleineLeveille@dayrep.com",
        "52":"BelisardaGuedry@dayrep.com",
        "53":"ZurieTheberge@gustr.com",
        "54":"ErmengardiBousquet@dayrep.com",
        "55":"FlorenceBeaudoin@einrot.com",
        "56":"LeoneCrete@armyspy.com",
        "57":"SearlaitCote@superrito.com",
        "58":"AlphonsineBourassa@cuvox.de",
        "59":"DidianeDAubigne@einrot.com",
        "60":"EdouardLacroix@cuvox.de",
        "61":"OdeletteCharron@superrito.com",
        "62":"AleronBerard@rhyta.com",
        "63":"SylvieDuranseau@einrot.com",
        "64":"YvetteDAvis@cuvox.de",
        "65":"SolaineLecuyer@dayrep.com",
        "66":"CourtlandDavid@cuvox.de",
        "67":"PatienceCharbonneau@jourrapide.com",
        "68":"EmmanuelLanctot@cuvox.de",
        "69":"MusetteProvencher@armyspy.com",
        "70":"MorganaMarchesseault@teleworm.us",
        "71":"ViolletteArnoux@cuvox.de",
        "72":"SlainieGregoire@cuvox.de",
        "73":"GarlandLagueux@rhyta.com",
        "74":"FerragusGrimard@cuvox.de",
        "75":"JeanTollmache@einrot.com",
        "76":"LanceParent@teleworm.us",
        "77":"CheneyChaloux@cuvox.de",
        "78":"PierpontLamarre@superrito.com",
        "79":"ComforteQuerry@superrito.com",
        "80":"NadineMasson@teleworm.us",
        "81":"FranceLaderoute@jourrapide.com",
        "82":"LothairBonenfant@dayrep.com",
        "83":"OlivieNorbert@cuvox.de",
        "84":"SomerMarleau@cuvox.de",
        "85":"AstridJolicoeur@superrito.com",
        "86":"OlivierGaillard@superrito.com",
        "87":"PhilipPinneau@teleworm.us",
        "88":"AlexisLagrange@gustr.com",
        "89":"HeloiseGregoire@dayrep.com",
        "90":"DexterDavid@fleckens.hu",
        "91":"JacquesMethot@cuvox.de",
        "92":"AnceloteDesforges@cuvox.de",
        "93":"JulietteOuellet@rhyta.com",
        "94":"AvrilSylvain@superrito.com",
        "95":"RachellePlaisance@armyspy.com",
        "96":"BenjaminLabrie@fleckens.hu",
        "97":"LaureBondy@superrito.com",
        "98":"NatalieLeveille@rhyta.com",
        "99":"SydneyGuibord@superrito.com",
        "100":"ZdenekVadnais@superrito.com",
        "101":"LoyalQuenneville@superrito.com",
        "102":"ErnestTachel@cuvox.de",
        "103":"MatthieuPouchard@teleworm.us",
        "104":"SearlasArtois@rhyta.com",
        "105":"ArnoLeBatelier@einrot.com",
        "106":"EstellePoisson@jourrapide.com",
        "107":"HarcourtCharpentier@cuvox.de",
        "108":"CrescentLavallee@armyspy.com",
        "109":"EugeniaVadeboncoeur@cuvox.de",
        "110":"GenevreLabrie@cuvox.de",
        "111":"NormandCote@dayrep.com",
        "112":"ZoeLeclair@gustr.com",
        "113":"PhillipaPerrault@einrot.com",
        "114":"EliseDesrosiers@jourrapide.com",
        "115":"RussellRochon@superrito.com",
        "116":"BeldaLauzier@armyspy.com",
        "117":"AlphonsineSacre@einrot.com",
        "118":"AubineLabelle@cuvox.de",
        "119":"EmileVadnais@rhyta.com",
        "120":"ArienneCantin@superrito.com",
        "121":"JacquesMarcheterre@einrot.com",
        "122":"EliotDupuis@gustr.com",
        "123":"ArthurPlante@jourrapide.com",
        "124":"SacripantLabrie@armyspy.com",
        "125":"SibylaLizotte@cuvox.de",
        "126":"ChristianLaberge@armyspy.com",
        "127":"VickDavid@gustr.com",
        "128":"ComforteCloutier@einrot.com",
        "129":"ClaudeGalarneau@armyspy.com",
        "130":"ElisePerrault@superrito.com",
        "131":"LoringRocheleau@cuvox.de",
        "132":"MathildeSansouci@superrito.com",
        "133":"AmaurySirois@superrito.com",
        "134":"ChristelleLandry@jourrapide.com",
        "135":"AdelaideBrousse@gustr.com",
        "136":"BriceFaure@einrot.com",
        "137":"AlaineHervieux@rhyta.com",
        "138":"LanceCroteau@einrot.com",
        "139":"AurelieBazinet@dayrep.com",
        "140":"AstolphoVeronneau@teleworm.us",
        "141":"JolieDeblois@armyspy.com",
        "142":"MireilleParenteau@superrito.com",
        "143":"ToussaintBrodeur@rhyta.com",
        "144":"PorterSimard@armyspy.com",
        "145":"JeromedeLaunay@fleckens.hu",
        "146":"LowellPatel@rhyta.com",
        "147":"GarlandMarcheterre@fleckens.hu",
        "148":"OlivierAube@armyspy.com",
        "149":"FrontinoBrian@einrot.com",
        "150":"RochMireault@gustr.com",
        "151":"NathalieCormier@cuvox.de",
        "152":"VallisMainville@gustr.com",
        "153":"DanielleNeufville@teleworm.us",
        "154":"AllyrianeRacine@gustr.com",
        "155":"PierpontFlamand@fleckens.hu",
        "156":"DanielHuot@rhyta.com",
        "157":"HughPoisson@fleckens.hu",
        "158":"YoletteMoreau@dayrep.com",
        "159":"GasparReault@dayrep.com",
        "160":"DelitBisaillon@teleworm.us",
        "161":"ManonDastous@armyspy.com",
        "162":"LoyalFouquet@armyspy.com",
        "163":"ApollineLaframboise@teleworm.us",
        "164":"OrielMiron@jourrapide.com",
        "165":"LianeLaGarde@cuvox.de",
        "166":"AnastasieCroteau@rhyta.com",
        "167":"VerneyCourse@armyspy.com",
        "168":"VoletaAdler@armyspy.com",
        "169":"PlattParent@jourrapide.com",
        "170":"BlondelleAilleboust@gustr.com",
        "171":"AurelieDesnoyer@armyspy.com",
        "172":"AvelaineGadbois@dayrep.com",
        "173":"BriceGrondin@fleckens.hu",
        "174":"ZacharieDuplessis@rhyta.com",
        "175":"OgierGervais@gustr.com",
        "176":"FusbertaRancourt@rhyta.com",
        "177":"CamilleLaurent@superrito.com",
        "178":"CeriseMontminy@dayrep.com",
        "179":"JosetteRiquier@armyspy.com",
        "180":"AgnesBriard@cuvox.de",
        "181":"AvrilRocheleau@fleckens.hu",
        "182":"BenoitGauvin@teleworm.us",
        "183":"HeloiseMarcil@fleckens.hu",
        "184":"RolandDupont@einrot.com",
        "185":"SolaineLabrecque@fleckens.hu",
        "186":"JulieBeauchemin@teleworm.us",
        "187":"KarelDandonneau@dayrep.com",
        "188":"PaienBeauchesne@rhyta.com",
        "189":"AdeleClavette@cuvox.de",
        "190":"LotyeJodion@fleckens.hu",
        "191":"AmaranteLacroix@fleckens.hu",
        "192":"XarlesCaisse@jourrapide.com",
        "193":"LealaLemelin@dayrep.com",
        "194":"ChantalLamoureux@jourrapide.com",
        "195":"NinetteAdler@superrito.com",
        "196":"EmmanuelleLabrie@einrot.com",
        "197":"HuonDeLaRonde@rhyta.com",
        "198":"SimoneSt-Pierre@jourrapide.com",
        "199":"PeverellMazuret@dayrep.com",
        "200":"LorrainePaulet@einrot.com",
        "201":"DemiLazure@cuvox.de",
        "202":"AgramantGrandpre@rhyta.com",
        "203":"ClothildeBerie@teleworm.us",
        "204":"AimeMarseau@dayrep.com",
        "205":"RogerDeLaRonde@gustr.com",
        "206":"AiglentinaMarcheterre@superrito.com",
        "207":"NoemiLaisne@rhyta.com",
        "208":"DenisPatenaude@einrot.com",
        "209":"JulienBeriault@rhyta.com",
        "210":"MartheQuerry@einrot.com",
        "211":"ParfaitBedard@armyspy.com",
        "212":"MandelBarteaux@gustr.com",
        "213":"PauletteLemaitre@fleckens.hu",
        "214":"YoletteLanoie@dayrep.com",
        "215":"LucilleBaron@superrito.com",
        "216":"ChappellSarrazin@rhyta.com",
        "217":"GanoHetu@fleckens.hu",
        "218":"MinetteRoy@fleckens.hu",
        "219":"RoslynChalifour@cuvox.de",
        "220":"KarelBazinet@einrot.com",
        "221":"JosetteBordeleau@einrot.com",
        "222":"LangleyCaron@armyspy.com",
        "223":"ClaudeDandonneau@jourrapide.com",
        "224":"ApollineMichaud@superrito.com",
        "225":"PascalineBeaudry@rhyta.com",
        "226":"FleurCaouette@jourrapide.com",
        "227":"FrancisMasse@jourrapide.com"
    },
    "nom":{
        "0":"Laurent Dagenais",
        "1":"Guy Marois",
        "2":"Beaufort Lesage",
        "3":"Russell Durand",
        "4":"Alexis Riel",
        "5":"Leon Lapresse",
        "6":"Orville Routhier",
        "7":"Agramant Pepin",
        "8":"Aiglentina Lambert",
        "9":"Theodore Clavet",
        "10":"Byron Lefebvre",
        "11":"Florus Devoe",
        "12":"Normand Arsenault",
        "13":"Aceline Hughes",
        "14":"Gaston Brisette",
        "15":"Agate Grandbois",
        "16":"Agrican Foucault",
        "17":"Prunella Josseaume",
        "18":"Yseult Charest",
        "19":"Dorothee Aupry",
        "20":"Amaury Reault",
        "21":"Gilles Beauchamps",
        "22":"Franck Dumont",
        "23":"Delmare L Heureux",
        "24":"Alphonse Cantin",
        "25":"Blondelle Rochon",
        "26":"Saville Bernard",
        "27":"Annette Jolicoeur",
        "28":"Bradamate Michel",
        "29":"Hilaire Frappier",
        "30":"Marie Briard",
        "31":"Madeleine Batard",
        "32":"Arber Garcia",
        "33":"Saber Viens",
        "34":"Arnaud Dubois",
        "35":"Pryor Beauchamp",
        "36":"Alphonse Potvin",
        "37":"Fitz Lafontaine",
        "38":"Delmare Lamothe",
        "39":"Daisi Boileau",
        "40":"Somer Paquette",
        "41":"Olivie Courtemanche",
        "42":"Germain Hughes",
        "43":"Morgana Bellemare",
        "44":"Merci Morin",
        "45":"Verney Bedard",
        "46":"Ignace Audibert",
        "47":"Franck Binet",
        "48":"Sumner Rocheleau",
        "49":"Aubert Patel",
        "50":"Sumner Laprise",
        "51":"Madeleine Leveille",
        "52":"Belisarda Guedry",
        "53":"Zurie Theberge",
        "54":"Ermengardi Bousquet",
        "55":"Florence Beaudoin",
        "56":"Leone Crete",
        "57":"Searlait Cote",
        "58":"Alphonsine Bourassa",
        "59":"Didiane D Aubigne",
        "60":"Edouard Lacroix",
        "61":"Odelette Charron",
        "62":"Aleron Berard",
        "63":"Sylvie Duranseau",
        "64":"Yvette D Avis",
        "65":"Solaine Lecuyer",
        "66":"Courtland David",
        "67":"Patience Charbonneau",
        "68":"Emmanuel Lanctot",
        "69":"Musette Provencher",
        "70":"Morgana Marchesseault",
        "71":"Viollette Arnoux",
        "72":"Slainie Gregoire",
        "73":"Garland Lagueux",
        "74":"Ferragus Grimard",
        "75":"Jean Tollmache",
        "76":"Lance Parent",
        "77":"Cheney Chaloux",
        "78":"Pierpont Lamarre",
        "79":"Comforte Querry",
        "80":"Nadine Masson",
        "81":"France Laderoute",
        "82":"Lothair Bonenfant",
        "83":"Olivie Norbert",
        "84":"Somer Marleau",
        "85":"Astrid Jolicoeur",
        "86":"Olivier Gaillard",
        "87":"Philip Pinneau",
        "88":"Alexis Lagrange",
        "89":"Heloise Gregoire",
        "90":"Dexter David",
        "91":"Jacques Methot",
        "92":"Ancelote Desforges",
        "93":"Juliette Ouellet",
        "94":"Avril Sylvain",
        "95":"Rachelle Plaisance",
        "96":"Benjamin Labrie",
        "97":"Laure Bondy",
        "98":"Natalie Leveille",
        "99":"Sydney Guibord",
        "100":"Zdenek Vadnais",
        "101":"Loyal Quenneville",
        "102":"Ernest Tachel",
        "103":"Matthieu Pouchard",
        "104":"Searlas Artois",
        "105":"Arno Le Batelier",
        "106":"Estelle Poisson",
        "107":"Harcourt Charpentier",
        "108":"Crescent Lavallee",
        "109":"Eugenia Vadeboncoeur",
        "110":"Genevre Labrie",
        "111":"Normand Cote",
        "112":"Zoe Leclair",
        "113":"Phillipa Perrault",
        "114":"Elise Desrosiers",
        "115":"Russell Rochon",
        "116":"Belda Lauzier",
        "117":"Alphonsine Sacre",
        "118":"Aubine Labelle",
        "119":"Emile Vadnais",
        "120":"Arienne Cantin",
        "121":"Jacques Marcheterre",
        "122":"Eliot Dupuis",
        "123":"Arthur Plante",
        "124":"Sacripant Labrie",
        "125":"Sibyla Lizotte",
        "126":"Christian Laberge",
        "127":"Vick David",
        "128":"Comforte Cloutier",
        "129":"Claude Galarneau",
        "130":"Elise Perrault",
        "131":"Loring Rocheleau",
        "132":"Mathilde Sansouci",
        "133":"Amaury Sirois",
        "134":"Christelle Landry",
        "135":"Adelaide Brousse",
        "136":"Brice Faure",
        "137":"Alaine Hervieux",
        "138":"Lance Croteau",
        "139":"Aurelie Bazinet",
        "140":"Astolpho Veronneau",
        "141":"Jolie Deblois",
        "142":"Mireille Parenteau",
        "143":"Toussaint Brodeur",
        "144":"Porter Simard",
        "145":"Jeromede Launay",
        "146":"Lowell Patel",
        "147":"Garland Marcheterre",
        "148":"Olivier Aube",
        "149":"Frontino Brian",
        "150":"Roch Mireault",
        "151":"Nathalie Cormier",
        "152":"Vallis Mainville",
        "153":"Danielle Neufville",
        "154":"Allyriane Racine",
        "155":"Pierpont Flamand",
        "156":"Daniel Huot",
        "157":"Hugh Poisson",
        "158":"Yolette Moreau",
        "159":"Gaspar Reault",
        "160":"Delit Bisaillon",
        "161":"Manon Dastous",
        "162":"Loyal Fouquet",
        "163":"Apolline Laframboise",
        "164":"Oriel Miron",
        "165":"Liane La Garde",
        "166":"Anastasie Croteau",
        "167":"Verney Course",
        "168":"Voleta Adler",
        "169":"Platt Parent",
        "170":"Blondelle Ailleboust",
        "171":"Aurelie Desnoyer",
        "172":"Avelaine Gadbois",
        "173":"Brice Grondin",
        "174":"Zacharie Duplessis",
        "175":"Ogier Gervais",
        "176":"Fusberta Rancourt",
        "177":"Camille Laurent",
        "178":"Cerise Montminy",
        "179":"Josette Riquier",
        "180":"Agnes Briard",
        "181":"Avril Rocheleau",
        "182":"Benoit Gauvin",
        "183":"Heloise Marcil",
        "184":"Roland Dupont",
        "185":"Solaine Labrecque",
        "186":"Julie Beauchemin",
        "187":"Karel Dandonneau",
        "188":"Paien Beauchesne",
        "189":"Adele Clavette",
        "190":"Lotye Jodion",
        "191":"Amarante Lacroix",
        "192":"Xarles Caisse",
        "193":"Leala Lemelin",
        "194":"Chantal Lamoureux",
        "195":"Ninette Adler",
        "196":"Emmanuelle Labrie",
        "197":"Huon De La Ronde",
        "198":"Simone St- Pierre",
        "199":"Peverell Mazuret",
        "200":"Lorraine Paulet",
        "201":"Demi Lazure",
        "202":"Agramant Grandpre",
        "203":"Clothilde Berie",
        "204":"Aime Marseau",
        "205":"Roger De La Ronde",
        "206":"Aiglentina Marcheterre",
        "207":"Noemi Laisne",
        "208":"Denis Patenaude",
        "209":"Julien Beriault",
        "210":"Marthe Querry",
        "211":"Parfait Bedard",
        "212":"Mandel Barteaux",
        "213":"Paulette Lemaitre",
        "214":"Yolette Lanoie",
        "215":"Lucille Baron",
        "216":"Chappell Sarrazin",
        "217":"Gano Hetu",
        "218":"Minette Roy",
        "219":"Roslyn Chalifour",
        "220":"Karel Bazinet",
        "221":"Josette Bordeleau",
        "222":"Langley Caron",
        "223":"Claude Dandonneau",
        "224":"Apolline Michaud",
        "225":"Pascaline Beaudry",
        "226":"Fleur Caouette",
        "227":"Francis Masse"
    },
    "genre":{
        "0":"M",
        "1":"M",
        "2":"M",
        "3":"M",
        "4":"M",
        "5":"M",
        "6":"M",
        "7":"M",
        "8":"F",
        "9":"M",
        "10":"M",
        "11":"M",
        "12":"M",
        "13":"F",
        "14":"M",
        "15":"F",
        "16":"M",
        "17":"F",
        "18":"F",
        "19":"F",
        "20":"M",
        "21":"M",
        "22":"M",
        "23":"F",
        "24":"M",
        "25":"F",
        "26":"M",
        "27":"F",
        "28":"F",
        "29":"F",
        "30":"F",
        "31":"F",
        "32":"M",
        "33":"M",
        "34":"M",
        "35":"M",
        "36":"M",
        "37":"M",
        "38":"F",
        "39":"F",
        "40":"M",
        "41":"F",
        "42":"M",
        "43":"F",
        "44":"F",
        "45":"M",
        "46":"M",
        "47":"M",
        "48":"M",
        "49":"M",
        "50":"M",
        "51":"F",
        "52":"F",
        "53":"F",
        "54":"F",
        "55":"F",
        "56":"F",
        "57":"F",
        "58":"F",
        "59":"F",
        "60":"M",
        "61":"F",
        "62":"M",
        "63":"F",
        "64":"F",
        "65":"F",
        "66":"M",
        "67":"F",
        "68":"M",
        "69":"F",
        "70":"F",
        "71":"F",
        "72":"F",
        "73":"F",
        "74":"M",
        "75":"M",
        "76":"M",
        "77":"M",
        "78":"M",
        "79":"F",
        "80":"F",
        "81":"F",
        "82":"M",
        "83":"F",
        "84":"M",
        "85":"F",
        "86":"M",
        "87":"M",
        "88":"M",
        "89":"F",
        "90":"M",
        "91":"M",
        "92":"F",
        "93":"F",
        "94":"F",
        "95":"F",
        "96":"M",
        "97":"F",
        "98":"F",
        "99":"F",
        "100":"M",
        "101":"M",
        "102":"M",
        "103":"M",
        "104":"M",
        "105":"M",
        "106":"F",
        "107":"M",
        "108":"F",
        "109":"F",
        "110":"F",
        "111":"M",
        "112":"F",
        "113":"F",
        "114":"F",
        "115":"M",
        "116":"F",
        "117":"F",
        "118":"F",
        "119":"M",
        "120":"F",
        "121":"M",
        "122":"M",
        "123":"M",
        "124":"M",
        "125":"F",
        "126":"M",
        "127":"M",
        "128":"F",
        "129":"M",
        "130":"F",
        "131":"M",
        "132":"F",
        "133":"M",
        "134":"F",
        "135":"F",
        "136":"M",
        "137":"F",
        "138":"M",
        "139":"F",
        "140":"M",
        "141":"F",
        "142":"F",
        "143":"M",
        "144":"M",
        "145":"M",
        "146":"M",
        "147":"F",
        "148":"M",
        "149":"M",
        "150":"M",
        "151":"F",
        "152":"M",
        "153":"F",
        "154":"F",
        "155":"M",
        "156":"M",
        "157":"M",
        "158":"F",
        "159":"M",
        "160":"F",
        "161":"F",
        "162":"M",
        "163":"F",
        "164":"F",
        "165":"F",
        "166":"F",
        "167":"M",
        "168":"F",
        "169":"M",
        "170":"F",
        "171":"F",
        "172":"F",
        "173":"M",
        "174":"M",
        "175":"M",
        "176":"F",
        "177":"F",
        "178":"F",
        "179":"F",
        "180":"F",
        "181":"F",
        "182":"M",
        "183":"F",
        "184":"M",
        "185":"F",
        "186":"F",
        "187":"M",
        "188":"M",
        "189":"F",
        "190":"F",
        "191":"F",
        "192":"M",
        "193":"F",
        "194":"F",
        "195":"F",
        "196":"F",
        "197":"M",
        "198":"F",
        "199":"M",
        "200":"F",
        "201":"F",
        "202":"M",
        "203":"F",
        "204":"M",
        "205":"M",
        "206":"F",
        "207":"F",
        "208":"M",
        "209":"M",
        "210":"F",
        "211":"M",
        "212":"M",
        "213":"F",
        "214":"F",
        "215":"F",
        "216":"M",
        "217":"M",
        "218":"F",
        "219":"M",
        "220":"M",
        "221":"F",
        "222":"M",
        "223":"F",
        "224":"F",
        "225":"F",
        "226":"F",
        "227":"M"
    }
}